[Header],,,,,,,
Local Run Manager Analysis Id,1012,,,,,,
Experiment Name,AMPseq_DATE,,,,,,
Date,DATE,,,,,,
Module,GenerateFASTQ - 2.0.1,,,,,,
Workflow,GenerateFASTQ,,,,,,
Library Prep Kit,AMPseq_barcode_library,,,,,,
Chemistry,Amplicon,,,,,,
,,,,,,,
[Reads],,,,,,,
150,,,,,,,
150,,,,,,,
,,,,,,,
[Settings],,,,,,,
,,,,,,,
[Data],,,,,,,
Sample_ID,Sample_Name,Description,index,I7_Index_ID,index2,I5_Index_ID,Sample_Project
CB1,CB1,CellLine_NoSelectionControl_rep1,TAAGGCGAATCTCGT,AMPSEQ1,TATGCAGTGT,AMPSEQ28,
CB2,CB2,CellLine_NoSelectionControl_rep2,CGTACTAGATCTCGT,AMPSEQ2,TATGCAGTGT,AMPSEQ28,
CB3,CB3,CellLine_NoSelectionControl_rep3,AGGCAGAAATCTCGT,AMPSEQ3,TATGCAGTGT,AMPSEQ28,
CB4,CB4,CellLine_WithSelection_rep1,TCCTGAGCATCTCGT,AMPSEQ4,TATGCAGTGT,AMPSEQ28,
CB5,CB5,CellLine_WithSelection_rep2,GGACTCCTATCTCGT,AMPSEQ5,TATGCAGTGT,AMPSEQ28,
CB6,CB6,CellLine_WithSelection_rep3,TAGGCATGATCTCGT,AMPSEQ6,TATGCAGTGT,AMPSEQ28,
CB7,CB7,epegRNA_libA_libQC,CTCTCTACATCTCGT,AMPSEQ7,TATGCAGTGT,AMPSEQ28,